Statistik från Skolverket, http://www.skolverket.se

Grundskolan - Slutbetyg årskurs 9, samtliga elever
Valt läsår: 2014/15

Kommun;Kommun-kod;Län;Läns-kod;Typ av huvudman;Antal elever;Andel (%) som uppnått kunskapskraven i alla ämnen;Andel (%) behörig yrkesprog.;Genomsnittligt meritvärde (17);
Ale;1440;Västra Götalands län;14;Samtliga;327;67,9;82,6;202,5;
Ale;1440;Västra Götalands län;14;Kommunal;285;65,3;80,7;199,0;
Ale;1440;Västra Götalands län;14;Enskild;42;85,7;~100;226,3;
Alingsås;1489;Västra Götalands län;14;Samtliga;451;80,9;89,4;224,0;
Alingsås;1489;Västra Götalands län;14;Kommunal;353;76,5;86,4;214,5;
Alingsås;1489;Västra Götalands län;14;Enskild;98;96,9;100,0;258,0;
Alvesta;0764;Kronobergs län;07;Samtliga;206;68,4;79,1;217,0;
Alvesta;0764;Kronobergs län;07;Kommunal;206;68,4;79,1;217,0;
Aneby;0604;Jönköpings län;06;Samtliga;78;80,8;87,2;222,9;
Aneby;0604;Jönköpings län;06;Kommunal;77;81,8;88,3;224,3;
Aneby;0604;Jönköpings län;06;Enskild;..;.;.;..;
Arboga;1984;Västmanlands län;19;Samtliga;148;75,7;89,9;222,1;
Arboga;1984;Västmanlands län;19;Kommunal;148;75,7;89,9;222,1;
Arjeplog;2506;Norrbottens län;25;Samtliga;18;61,1;72,2;214,0;
Arjeplog;2506;Norrbottens län;25;Kommunal;18;61,1;72,2;214,0;
Arvidsjaur;2505;Norrbottens län;25;Samtliga;70;67,1;74,3;194,1;
Arvidsjaur;2505;Norrbottens län;25;Kommunal;70;67,1;74,3;194,1;
Arvika;1784;Värmlands län;17;Samtliga;274;77,0;89,8;218,9;
Arvika;1784;Värmlands län;17;Kommunal;233;76,4;90,1;217,6;
Arvika;1784;Värmlands län;17;Enskild;41;80,5;87,8;226,6;
Askersund;1882;Örebro län;18;Samtliga;100;61,0;78,0;196,9;
Askersund;1882;Örebro län;18;Kommunal;100;61,0;78,0;196,9;
Avesta;2084;Dalarnas län;20;Samtliga;214;67,8;81,8;215,1;
Avesta;2084;Dalarnas län;20;Kommunal;214;67,8;81,8;215,1;
Bengtsfors;1460;Västra Götalands län;14;Samtliga;97;58,8;68,0;192,7;
Bengtsfors;1460;Västra Götalands län;14;Kommunal;97;58,8;68,0;192,7;
Berg;2326;Jämtlands län;23;Samtliga;70;65,7;74,3;197,4;
Berg;2326;Jämtlands län;23;Kommunal;70;65,7;74,3;197,4;
Bjurholm;2403;Västerbottens län;24;Samtliga;31;74,2;77,4;200,7;
Bjurholm;2403;Västerbottens län;24;Kommunal;31;74,2;77,4;200,7;
Bjuv;1260;Skåne län;12;Samtliga;128;78,1;91,4;212,9;
Bjuv;1260;Skåne län;12;Kommunal;128;78,1;91,4;212,9;
Boden;2582;Norrbottens län;25;Samtliga;296;80,7;86,8;227,3;
Boden;2582;Norrbottens län;25;Kommunal;226;77,0;84,1;222,0;
Boden;2582;Norrbottens län;25;Enskild;70;92,9;~100;243,7;
Bollebygd;1443;Västra Götalands län;14;Samtliga;66;84,8;92,4;226,3;
Bollebygd;1443;Västra Götalands län;14;Kommunal;66;84,8;92,4;226,3;
Bollnäs;2183;Gävleborgs län;21;Samtliga;272;71,0;77,6;202,8;
Bollnäs;2183;Gävleborgs län;21;Kommunal;145;53,8;60,7;173,4;
Bollnäs;2183;Gävleborgs län;21;Enskild;127;90,6;~100;234,4;
Borgholm;0885;Kalmar län;08;Samtliga;88;79,5;87,5;222,5;
Borgholm;0885;Kalmar län;08;Kommunal;88;79,5;87,5;222,5;
Borlänge;2081;Dalarnas län;20;Samtliga;596;66,6;76,3;206,9;
Borlänge;2081;Dalarnas län;20;Kommunal;540;65,9;75,9;205,9;
Borlänge;2081;Dalarnas län;20;Enskild;56;73,2;80,4;216,6;
Borås;1490;Västra Götalands län;14;Samtliga;1 108;79,3;86,5;229,7;
Borås;1490;Västra Götalands län;14;Kommunal;858;75,5;83,8;220,5;
Borås;1490;Västra Götalands län;14;Enskild;250;92,4;95,6;261,4;
Botkyrka;0127;Stockholms län;01;Samtliga;853;71,2;82,1;216,0;
Botkyrka;0127;Stockholms län;01;Kommunal;732;69,3;80,1;211,7;
Botkyrka;0127;Stockholms län;01;Enskild;121;82,6;94,2;241,4;
Boxholm;0560;Östergötlands län;05;Samtliga;50;72,0;90,0;202,1;
Boxholm;0560;Östergötlands län;05;Kommunal;50;72,0;90,0;202,1;
Bromölla;1272;Skåne län;12;Samtliga;120;74,2;85,0;210,5;
Bromölla;1272;Skåne län;12;Kommunal;120;74,2;85,0;210,5;
Bräcke;2305;Jämtlands län;23;Samtliga;87;80,5;85,1;220,8;
Bräcke;2305;Jämtlands län;23;Kommunal;87;80,5;85,1;220,8;
Burlöv;1231;Skåne län;12;Samtliga;175;74,3;82,3;223,2;
Burlöv;1231;Skåne län;12;Kommunal;175;74,3;82,3;223,2;
Båstad;1278;Skåne län;12;Samtliga;118;83,1;91,5;229,9;
Båstad;1278;Skåne län;12;Kommunal;118;83,1;91,5;229,9;
Dals-Ed;1438;Västra Götalands län;14;Samtliga;48;64,6;70,8;197,8;
Dals-Ed;1438;Västra Götalands län;14;Kommunal;48;64,6;70,8;197,8;
Danderyd;0162;Stockholms län;01;Samtliga;490;92,0;96,5;259,0;
Danderyd;0162;Stockholms län;01;Kommunal;305;90,8;96,4;258,7;
Danderyd;0162;Stockholms län;01;Enskild;185;94,1;96,8;259,6;
Degerfors;1862;Örebro län;18;Samtliga;126;61,9;77,0;207,1;
Degerfors;1862;Örebro län;18;Kommunal;126;61,9;77,0;207,1;
Dorotea;2425;Västerbottens län;24;Samtliga;19;57,9;~100;172,1;
Dorotea;2425;Västerbottens län;24;Kommunal;19;57,9;~100;172,1;
Eda;1730;Värmlands län;17;Samtliga;66;75,8;81,8;214,8;
Eda;1730;Värmlands län;17;Kommunal;66;75,8;81,8;214,8;
Ekerö;0125;Stockholms län;01;Samtliga;277;90,6;94,6;247,9;
Ekerö;0125;Stockholms län;01;Kommunal;246;89,8;93,9;243,3;
Ekerö;0125;Stockholms län;01;Enskild;31;96,8;100,0;283,5;
Eksjö;0686;Jönköpings län;06;Samtliga;165;69,1;73,3;212,1;
Eksjö;0686;Jönköpings län;06;Kommunal;155;73,5;77,4;219,4;
Eksjö;0686;Jönköpings län;06;Enskild;10;.;..;..;
Emmaboda;0862;Kalmar län;08;Samtliga;91;71,4;83,5;201,5;
Emmaboda;0862;Kalmar län;08;Kommunal;91;71,4;83,5;201,5;
Enköping;0381;Uppsala län;03;Samtliga;433;76,9;87,8;216,8;
Enköping;0381;Uppsala län;03;Kommunal;331;76,7;86,1;212,8;
Enköping;0381;Uppsala län;03;Enskild;102;77,5;93,1;230,1;
Eskilstuna;0484;Södermanlands län;04;Samtliga;1 129;75,5;84,4;222,5;
Eskilstuna;0484;Södermanlands län;04;Kommunal;900;70,8;80,9;210,3;
Eskilstuna;0484;Södermanlands län;04;Enskild;229;93,9;~100;270,4;
Eslöv;1285;Skåne län;12;Samtliga;307;74,6;83,7;216,8;
Eslöv;1285;Skåne län;12;Kommunal;307;74,6;83,7;216,8;
Essunga;1445;Västra Götalands län;14;Samtliga;70;78,6;90,0;213,4;
Essunga;1445;Västra Götalands län;14;Kommunal;70;78,6;90,0;213,4;
Fagersta;1982;Västmanlands län;19;Samtliga;151;62,3;69,5;192,4;
Fagersta;1982;Västmanlands län;19;Kommunal;134;59,7;67,9;191,4;
Fagersta;1982;Västmanlands län;19;Enskild;17;82,4;~100;199,4;
Falkenberg;1382;Hallands län;13;Samtliga;449;74,4;86,9;217,9;
Falkenberg;1382;Hallands län;13;Kommunal;398;71,6;85,4;212,6;
Falkenberg;1382;Hallands län;13;Enskild;51;96,1;~100;259,4;
Falköping;1499;Västra Götalands län;14;Samtliga;355;68,2;76,6;201,7;
Falköping;1499;Västra Götalands län;14;Kommunal;335;67,8;76,4;201,0;
Falköping;1499;Västra Götalands län;14;Enskild;20;75,0;~100;213,2;
Falun;2080;Dalarnas län;20;Samtliga;583;77,5;85,6;217,6;
Falun;2080;Dalarnas län;20;Kommunal;509;76,2;84,5;214,3;
Falun;2080;Dalarnas län;20;Enskild;74;86,5;93,2;240,1;
Filipstad;1782;Värmlands län;17;Samtliga;87;85,1;93,1;228,4;
Filipstad;1782;Värmlands län;17;Kommunal;87;85,1;93,1;228,4;
Finspång;0562;Östergötlands län;05;Samtliga;180;62,8;75,0;196,6;
Finspång;0562;Östergötlands län;05;Kommunal;180;62,8;75,0;196,6;
Flen;0482;Södermanlands län;04;Samtliga;178;53,4;68,0;184,3;
Flen;0482;Södermanlands län;04;Kommunal;168;51,8;67,3;181,7;
Flen;0482;Södermanlands län;04;Enskild;10;..;..;225,8;
Forshaga;1763;Värmlands län;17;Samtliga;136;79,4;95,6;217,8;
Forshaga;1763;Värmlands län;17;Kommunal;136;79,4;95,6;217,8;
Färgelanda;1439;Västra Götalands län;14;Samtliga;62;46,8;51,6;178,3;
Färgelanda;1439;Västra Götalands län;14;Kommunal;62;46,8;51,6;178,3;
Gagnef;2026;Dalarnas län;20;Samtliga;126;75,4;88,9;219,8;
Gagnef;2026;Dalarnas län;20;Kommunal;126;75,4;88,9;219,8;
Gislaved;0662;Jönköpings län;06;Samtliga;328;73,5;80,8;209,2;
Gislaved;0662;Jönköpings län;06;Kommunal;321;73,8;81,3;209,9;
Gislaved;0662;Jönköpings län;06;Enskild;..;..;..;..;
Gnesta;0461;Södermanlands län;04;Samtliga;102;66,7;85,3;206,3;
Gnesta;0461;Södermanlands län;04;Kommunal;94;64,9;85,1;204,1;
Gnesta;0461;Södermanlands län;04;Enskild;..;..;..;..;
Gnosjö;0617;Jönköpings län;06;Samtliga;114;69,3;74,6;205,3;
Gnosjö;0617;Jönköpings län;06;Kommunal;114;69,3;74,6;205,3;
Gotland;0980;Gotlands län;09;Samtliga;588;79,8;85,7;225,8;
Gotland;0980;Gotlands län;09;Kommunal;498;79,3;85,1;224,6;
Gotland;0980;Gotlands län;09;Enskild;90;82,2;88,9;232,6;
Grums;1764;Värmlands län;17;Samtliga;86;57,0;70,9;186,6;
Grums;1764;Värmlands län;17;Kommunal;86;57,0;70,9;186,6;
Grästorp;1444;Västra Götalands län;14;Samtliga;62;80,6;91,9;219,4;
Grästorp;1444;Västra Götalands län;14;Kommunal;62;80,6;91,9;219,4;
Gullspång;1447;Västra Götalands län;14;Samtliga;69;78,3;84,1;193,4;
Gullspång;1447;Västra Götalands län;14;Kommunal;69;78,3;84,1;193,4;
Gällivare;2523;Norrbottens län;25;Samtliga;165;83,6;90,9;231,0;
Gällivare;2523;Norrbottens län;25;Kommunal;145;82,8;90,3;227,9;
Gällivare;2523;Norrbottens län;25;Enskild;20;90,0;~100;252,8;
Gävle;2180;Gävleborgs län;21;Samtliga;1 023;69,5;82,8;210,2;
Gävle;2180;Gävleborgs län;21;Kommunal;634;66,2;78,7;201,8;
Gävle;2180;Gävleborgs län;21;Enskild;389;74,8;89,5;223,7;
Göteborg;1480;Västra Götalands län;14;Samtliga;4 649;71,6;82,7;225,1;
Göteborg;1480;Västra Götalands län;14;Kommunal;3 200;66,6;78,2;215,1;
Göteborg;1480;Västra Götalands län;14;Enskild;1 449;82,9;93,0;247,4;
Götene;1471;Västra Götalands län;14;Samtliga;141;78,7;83,0;217,5;
Götene;1471;Västra Götalands län;14;Kommunal;141;78,7;83,0;217,5;
Habo;0643;Jönköpings län;06;Samtliga;122;73,0;82,0;212,7;
Habo;0643;Jönköpings län;06;Kommunal;122;73,0;82,0;212,7;
Hagfors;1783;Värmlands län;17;Samtliga;118;78,0;85,6;207,8;
Hagfors;1783;Värmlands län;17;Kommunal;118;78,0;85,6;207,8;
Hallsberg;1861;Örebro län;18;Samtliga;160;80,6;87,5;227,0;
Hallsberg;1861;Örebro län;18;Kommunal;160;80,6;87,5;227,0;
Hallstahammar;1961;Västmanlands län;19;Samtliga;156;65,4;75,0;205,1;
Hallstahammar;1961;Västmanlands län;19;Kommunal;156;65,4;75,0;205,1;
Halmstad;1380;Hallands län;13;Samtliga;959;82,6;87,9;219,4;
Halmstad;1380;Hallands län;13;Kommunal;836;81,8;87,3;216,3;
Halmstad;1380;Hallands län;13;Enskild;123;87,8;91,9;239,7;
Hammarö;1761;Värmlands län;17;Samtliga;182;86,3;91,2;245,8;
Hammarö;1761;Värmlands län;17;Kommunal;182;86,3;91,2;245,8;
Haninge;0136;Stockholms län;01;Samtliga;808;69,8;82,5;216,9;
Haninge;0136;Stockholms län;01;Kommunal;670;69,3;81,2;214,7;
Haninge;0136;Stockholms län;01;Enskild;138;72,5;89,1;226,9;
Haparanda;2583;Norrbottens län;25;Samtliga;101;80,2;86,1;213,8;
Haparanda;2583;Norrbottens län;25;Kommunal;101;80,2;86,1;213,8;
Heby;0331;Uppsala län;03;Samtliga;141;75,9;88,7;214,6;
Heby;0331;Uppsala län;03;Kommunal;141;75,9;88,7;214,6;
Hedemora;2083;Dalarnas län;20;Samtliga;158;78,5;86,7;211,1;
Hedemora;2083;Dalarnas län;20;Kommunal;134;80,6;88,8;212,7;
Hedemora;2083;Dalarnas län;20;Enskild;24;66,7;75,0;201,9;
Helsingborg;1283;Skåne län;12;Samtliga;1 398;76,8;83,3;230,1;
Helsingborg;1283;Skåne län;12;Kommunal;920;73,8;80,7;226,9;
Helsingborg;1283;Skåne län;12;Enskild;478;82,6;88,5;236,2;
Herrljunga;1466;Västra Götalands län;14;Samtliga;111;80,2;85,6;227,3;
Herrljunga;1466;Västra Götalands län;14;Kommunal;111;80,2;85,6;227,3;
Hjo;1497;Västra Götalands län;14;Samtliga;94;80,9;90,4;219,9;
Hjo;1497;Västra Götalands län;14;Kommunal;94;80,9;90,4;219,9;
Hofors;2104;Gävleborgs län;21;Samtliga;92;77,2;80,4;220,8;
Hofors;2104;Gävleborgs län;21;Kommunal;92;77,2;80,4;220,8;
Huddinge;0126;Stockholms län;01;Samtliga;1 133;83,0;90,1;234,2;
Huddinge;0126;Stockholms län;01;Kommunal;973;81,7;88,6;231,0;
Huddinge;0126;Stockholms län;01;Enskild;160;90,6;~100;253,8;
Hudiksvall;2184;Gävleborgs län;21;Samtliga;366;73,2;84,4;213,1;
Hudiksvall;2184;Gävleborgs län;21;Kommunal;298;74,2;83,2;213,5;
Hudiksvall;2184;Gävleborgs län;21;Enskild;68;69,1;89,7;211,3;
Hultsfred;0860;Kalmar län;08;Samtliga;120;72,5;77,5;221,5;
Hultsfred;0860;Kalmar län;08;Kommunal;100;74,0;79,0;223,4;
Hultsfred;0860;Kalmar län;08;Enskild;20;65,0;70,0;211,8;
Hylte;1315;Hallands län;13;Samtliga;104;62,5;80,8;204,4;
Hylte;1315;Hallands län;13;Kommunal;98;61,2;79,6;199,5;
Hylte;1315;Hallands län;13;Enskild;..;..;..;..;
Håbo;0305;Uppsala län;03;Samtliga;245;73,1;92,2;222,2;
Håbo;0305;Uppsala län;03;Kommunal;197;68,0;91,4;217,1;
Håbo;0305;Uppsala län;03;Enskild;48;93,8;~100;243,3;
Hällefors;1863;Örebro län;18;Samtliga;71;66,2;74,6;196,3;
Hällefors;1863;Örebro län;18;Kommunal;71;66,2;74,6;196,3;
Härjedalen;2361;Jämtlands län;23;Samtliga;106;75,5;81,1;214,3;
Härjedalen;2361;Jämtlands län;23;Kommunal;106;75,5;81,1;214,3;
Härnösand;2280;Västernorrlands län;22;Samtliga;260;74,6;83,5;211,7;
Härnösand;2280;Västernorrlands län;22;Kommunal;252;74,6;83,7;211,3;
Härnösand;2280;Västernorrlands län;22;Enskild;..;..;..;..;
Härryda;1401;Västra Götalands län;14;Samtliga;447;88,1;93,1;240,6;
Härryda;1401;Västra Götalands län;14;Kommunal;370;86,8;91,9;235,1;
Härryda;1401;Västra Götalands län;14;Enskild;77;94,8;~100;266,7;
Hässleholm;1293;Skåne län;12;Samtliga;596;72,5;80,0;209,7;
Hässleholm;1293;Skåne län;12;Kommunal;596;72,5;80,0;209,7;
Höganäs;1284;Skåne län;12;Samtliga;301;86,7;91,0;237,8;
Höganäs;1284;Skåne län;12;Kommunal;294;86,4;90,8;237,6;
Höganäs;1284;Skåne län;12;Enskild;..;..;..;..;
Högsby;0821;Kalmar län;08;Samtliga;64;65,6;75,0;199,9;
Högsby;0821;Kalmar län;08;Kommunal;64;65,6;75,0;199,9;
Hörby;1266;Skåne län;12;Samtliga;143;71,3;83,2;215,2;
Hörby;1266;Skåne län;12;Kommunal;126;72,2;84,9;215,5;
Hörby;1266;Skåne län;12;Enskild;17;64,7;70,6;212,4;
Höör;1267;Skåne län;12;Samtliga;188;80,3;87,8;226,4;
Höör;1267;Skåne län;12;Kommunal;165;79,4;86,7;223,9;
Höör;1267;Skåne län;12;Enskild;23;87,0;~100;243,7;
Jokkmokk;2510;Norrbottens län;25;Samtliga;48;79,2;85,4;228,9;
Jokkmokk;2510;Norrbottens län;25;Kommunal;37;81,1;86,5;233,7;
Jokkmokk;2510;Norrbottens län;25;Enskild;11;..;..;212,7;
Järfälla;0123;Stockholms län;01;Samtliga;726;74,8;87,6;229,8;
Järfälla;0123;Stockholms län;01;Kommunal;555;70,5;84,9;221,8;
Järfälla;0123;Stockholms län;01;Enskild;171;88,9;96,5;255,4;
Jönköping;0680;Jönköpings län;06;Samtliga;1 353;78,4;87,9;226,6;
Jönköping;0680;Jönköpings län;06;Kommunal;1 058;77,0;87,1;222,6;
Jönköping;0680;Jönköpings län;06;Enskild;295;83,4;90,5;240,9;
Kalix;2514;Norrbottens län;25;Samtliga;175;80,0;88,6;215,5;
Kalix;2514;Norrbottens län;25;Kommunal;167;79,6;88,0;214,9;
Kalix;2514;Norrbottens län;25;Enskild;..;..;..;..;
Kalmar;0880;Kalmar län;08;Samtliga;654;81,3;88,8;220,5;
Kalmar;0880;Kalmar län;08;Kommunal;539;79,6;87,8;217,8;
Kalmar;0880;Kalmar län;08;Enskild;115;89,6;93,9;233,0;
Karlsborg;1446;Västra Götalands län;14;Samtliga;57;94,7;~100;223,0;
Karlsborg;1446;Västra Götalands län;14;Kommunal;57;94,7;~100;223,0;
Karlshamn;1082;Blekinge län;10;Samtliga;305;69,2;83,0;214,5;
Karlshamn;1082;Blekinge län;10;Kommunal;277;69,0;83,0;214,4;
Karlshamn;1082;Blekinge län;10;Enskild;28;71,4;82,1;215,5;
Karlskoga;1883;Örebro län;18;Samtliga;315;71,1;77,8;208,9;
Karlskoga;1883;Örebro län;18;Kommunal;315;71,1;77,8;208,9;
Karlskrona;1080;Blekinge län;10;Samtliga;685;80,0;86,1;217,6;
Karlskrona;1080;Blekinge län;10;Kommunal;491;76,0;82,3;208,3;
Karlskrona;1080;Blekinge län;10;Enskild;194;90,2;95,9;241,0;
Karlstad;1780;Värmlands län;17;Samtliga;793;84,5;91,2;226,2;
Karlstad;1780;Värmlands län;17;Kommunal;667;82,9;90,1;220,5;
Karlstad;1780;Värmlands län;17;Enskild;126;92,9;~100;256,1;
Katrineholm;0483;Södermanlands län;04;Samtliga;414;68,6;79,7;208,1;
Katrineholm;0483;Södermanlands län;04;Kommunal;306;63,7;75,8;204,1;
Katrineholm;0483;Södermanlands län;04;Enskild;108;82,4;90,7;218,8;
Kil;1715;Värmlands län;17;Samtliga;126;66,7;84,1;207,8;
Kil;1715;Värmlands län;17;Kommunal;126;66,7;84,1;207,8;
Kinda;0513;Östergötlands län;05;Samtliga;75;76,0;86,7;210,0;
Kinda;0513;Östergötlands län;05;Kommunal;75;76,0;86,7;210,0;
Kiruna;2584;Norrbottens län;25;Samtliga;166;81,3;86,1;230,2;
Kiruna;2584;Norrbottens län;25;Kommunal;144;78,5;84,0;223,3;
Kiruna;2584;Norrbottens län;25;Enskild;22;100,0;100,0;275,1;
Klippan;1276;Skåne län;12;Samtliga;176;71,6;81,3;203,4;
Klippan;1276;Skåne län;12;Kommunal;156;69,2;80,1;197,4;
Klippan;1276;Skåne län;12;Enskild;20;90,0;~100;252,2;
Knivsta;0330;Uppsala län;03;Samtliga;161;85,1;91,9;232,6;
Knivsta;0330;Uppsala län;03;Kommunal;145;86,2;92,4;234,6;
Knivsta;0330;Uppsala län;03;Enskild;16;75,0;~100;214,5;
Kramfors;2282;Västernorrlands län;22;Samtliga;202;74,3;81,2;213,2;
Kramfors;2282;Västernorrlands län;22;Kommunal;202;74,3;81,2;213,2;
Kristianstad;1290;Skåne län;12;Samtliga;858;71,7;81,2;214,1;
Kristianstad;1290;Skåne län;12;Kommunal;751;71,2;80,2;212,8;
Kristianstad;1290;Skåne län;12;Enskild;107;74,8;88,8;222,6;
Kristinehamn;1781;Värmlands län;17;Samtliga;240;70,8;78,3;211,4;
Kristinehamn;1781;Värmlands län;17;Kommunal;240;70,8;78,3;211,4;
Krokom;2309;Jämtlands län;23;Samtliga;165;80,6;84,8;217,2;
Krokom;2309;Jämtlands län;23;Kommunal;165;80,6;84,8;217,2;
Kumla;1881;Örebro län;18;Samtliga;249;71,9;81,9;212,6;
Kumla;1881;Örebro län;18;Kommunal;249;71,9;81,9;212,6;
Kungsbacka;1384;Hallands län;13;Samtliga;948;86,4;92,0;239,8;
Kungsbacka;1384;Hallands län;13;Kommunal;843;85,2;91,5;237,0;
Kungsbacka;1384;Hallands län;13;Enskild;105;96,2;~100;262,0;
Kungsör;1960;Västmanlands län;19;Samtliga;70;70,0;80,0;216,3;
Kungsör;1960;Västmanlands län;19;Kommunal;70;70,0;80,0;216,3;
Kungälv;1482;Västra Götalands län;14;Samtliga;467;86,7;93,8;233,8;
Kungälv;1482;Västra Götalands län;14;Kommunal;373;85,8;92,8;232,2;
Kungälv;1482;Västra Götalands län;14;Enskild;94;90,4;~100;240,2;
Kävlinge;1261;Skåne län;12;Samtliga;311;87,1;91,3;231,4;
Kävlinge;1261;Skåne län;12;Kommunal;263;85,6;90,1;229,9;
Kävlinge;1261;Skåne län;12;Enskild;48;95,8;~100;239,8;
Köping;1983;Västmanlands län;19;Samtliga;272;66,2;82,4;204,9;
Köping;1983;Västmanlands län;19;Kommunal;272;66,2;82,4;204,9;
Laholm;1381;Hallands län;13;Samtliga;240;69,2;79,2;212,0;
Laholm;1381;Hallands län;13;Kommunal;240;69,2;79,2;212,0;
Landskrona;1282;Skåne län;12;Samtliga;475;76,2;84,6;225,5;
Landskrona;1282;Skåne län;12;Kommunal;354;70,9;80,8;220,5;
Landskrona;1282;Skåne län;12;Enskild;121;91,7;95,9;239,5;
Laxå;1860;Örebro län;18;Samtliga;66;62,1;69,7;185,9;
Laxå;1860;Örebro län;18;Kommunal;66;62,1;69,7;185,9;
Lekeberg;1814;Örebro län;18;Samtliga;47;76,6;~100;219,5;
Lekeberg;1814;Örebro län;18;Kommunal;47;76,6;~100;219,5;
Leksand;2029;Dalarnas län;20;Samtliga;175;81,1;83,4;222,2;
Leksand;2029;Dalarnas län;20;Kommunal;171;80,7;83,0;221,3;
Leksand;2029;Dalarnas län;20;Enskild;..;..;..;..;
Lerum;1441;Västra Götalands län;14;Samtliga;464;81,0;90,9;220,9;
Lerum;1441;Västra Götalands län;14;Kommunal;439;80,0;90,4;218,8;
Lerum;1441;Västra Götalands län;14;Enskild;25;100,0;100,0;257,5;
Lessebo;0761;Kronobergs län;07;Samtliga;86;69,8;80,2;195,5;
Lessebo;0761;Kronobergs län;07;Kommunal;86;69,8;80,2;195,5;
Lidingö;0186;Stockholms län;01;Samtliga;483;91,9;96,5;258,9;
Lidingö;0186;Stockholms län;01;Kommunal;412;93,0;97,1;257,3;
Lidingö;0186;Stockholms län;01;Enskild;71;85,9;93,0;267,7;
Lidköping;1494;Västra Götalands län;14;Samtliga;164;79,3;90,9;228,7;
Lidköping;1494;Västra Götalands län;14;Kommunal;128;74,2;88,3;225,4;
Lidköping;1494;Västra Götalands län;14;Enskild;36;97,2;100,0;240,1;
Lilla Edet;1462;Västra Götalands län;14;Samtliga;129;70,5;79,1;211,7;
Lilla Edet;1462;Västra Götalands län;14;Kommunal;115;70,4;79,1;211,8;
Lilla Edet;1462;Västra Götalands län;14;Enskild;14;71,4;~100;211,1;
Lindesberg;1885;Örebro län;18;Samtliga;221;64,7;75,1;196,3;
Lindesberg;1885;Örebro län;18;Kommunal;221;64,7;75,1;196,3;
Linköping;0580;Östergötlands län;05;Samtliga;1 514;76,9;86,6;225,3;
Linköping;0580;Östergötlands län;05;Kommunal;1 043;74,7;83,6;220,3;
Linköping;0580;Östergötlands län;05;Enskild;471;82,0;93,2;236,4;
Ljungby;0781;Kronobergs län;07;Samtliga;289;79,6;86,9;225,9;
Ljungby;0781;Kronobergs län;07;Kommunal;269;78,4;86,2;224,5;
Ljungby;0781;Kronobergs län;07;Enskild;20;95,0;~100;244,4;
Ljusdal;2161;Gävleborgs län;21;Samtliga;219;65,3;78,1;217,2;
Ljusdal;2161;Gävleborgs län;21;Kommunal;168;66,1;76,2;216,8;
Ljusdal;2161;Gävleborgs län;21;Enskild;51;62,7;84,3;218,5;
Ljusnarsberg;1864;Örebro län;18;Samtliga;39;61,5;79,5;193,5;
Ljusnarsberg;1864;Örebro län;18;Kommunal;39;61,5;79,5;193,5;
Lomma;1262;Skåne län;12;Samtliga;282;93,3;95,7;254,1;
Lomma;1262;Skåne län;12;Kommunal;271;93,0;95,6;254,9;
Lomma;1262;Skåne län;12;Enskild;11;100,0;100,0;234,5;
Ludvika;2085;Dalarnas län;20;Samtliga;274;75,5;84,3;204,3;
Ludvika;2085;Dalarnas län;20;Kommunal;274;75,5;84,3;204,3;
Luleå;2580;Norrbottens län;25;Samtliga;730;86,8;91,8;233,9;
Luleå;2580;Norrbottens län;25;Kommunal;652;86,3;91,4;233,5;
Luleå;2580;Norrbottens län;25;Enskild;78;91,0;~100;237,5;
Lund;1281;Skåne län;12;Samtliga;1 142;86,7;92,6;250,6;
Lund;1281;Skåne län;12;Kommunal;950;85,1;91,6;247,3;
Lund;1281;Skåne län;12;Enskild;192;94,3;97,4;266,4;
Lycksele;2481;Västerbottens län;24;Samtliga;123;72,4;85,4;206,2;
Lycksele;2481;Västerbottens län;24;Kommunal;123;72,4;85,4;206,2;
Lysekil;1484;Västra Götalands län;14;Samtliga;144;75,0;79,2;214,5;
Lysekil;1484;Västra Götalands län;14;Kommunal;144;75,0;79,2;214,5;
Malmö;1280;Skåne län;12;Samtliga;2 690;67,5;78,2;221,5;
Malmö;1280;Skåne län;12;Kommunal;2 228;64,3;75,8;216,4;
Malmö;1280;Skåne län;12;Enskild;462;85,2;91,5;248,7;
Malung-Sälen;2023;Dalarnas län;20;Samtliga;106;87,7;89,6;225,5;
Malung-Sälen;2023;Dalarnas län;20;Kommunal;106;87,7;89,6;225,5;
Malå;2418;Västerbottens län;24;Samtliga;23;82,6;~100;216,3;
Malå;2418;Västerbottens län;24;Kommunal;23;82,6;~100;216,3;
Mariestad;1493;Västra Götalands län;14;Samtliga;248;83,5;89,1;220,1;
Mariestad;1493;Västra Götalands län;14;Kommunal;188;78,2;85,6;211,3;
Mariestad;1493;Västra Götalands län;14;Enskild;60;100,0;100,0;247,3;
Mark;1463;Västra Götalands län;14;Samtliga;402;72,6;85,3;218,6;
Mark;1463;Västra Götalands län;14;Kommunal;381;72,7;85,6;220,1;
Mark;1463;Västra Götalands län;14;Enskild;21;71,4;~100;191,8;
Markaryd;0767;Kronobergs län;07;Samtliga;90;78,9;84,4;224,6;
Markaryd;0767;Kronobergs län;07;Kommunal;90;78,9;84,4;224,6;
Mellerud;1461;Västra Götalands län;14;Samtliga;58;79,3;81,0;219,0;
Mellerud;1461;Västra Götalands län;14;Kommunal;58;79,3;81,0;219,0;
Mjölby;0586;Östergötlands län;05;Samtliga;258;74,4;83,3;217,9;
Mjölby;0586;Östergötlands län;05;Kommunal;258;74,4;83,3;217,9;
Mora;2062;Dalarnas län;20;Samtliga;184;73,4;80,4;215,3;
Mora;2062;Dalarnas län;20;Kommunal;184;73,4;80,4;215,3;
Motala;0583;Östergötlands län;05;Samtliga;413;83,8;91,8;224,8;
Motala;0583;Östergötlands län;05;Kommunal;335;83,0;91,3;222,4;
Motala;0583;Östergötlands län;05;Enskild;78;87,2;93,6;235,0;
Mullsjö;0642;Jönköpings län;06;Samtliga;72;77,8;86,1;214,1;
Mullsjö;0642;Jönköpings län;06;Kommunal;72;77,8;86,1;214,1;
Munkedal;1430;Västra Götalands län;14;Samtliga;107;74,8;83,2;201,2;
Munkedal;1430;Västra Götalands län;14;Kommunal;107;74,8;83,2;201,2;
Munkfors;1762;Värmlands län;17;Samtliga;34;58,8;76,5;212,0;
Munkfors;1762;Värmlands län;17;Kommunal;34;58,8;76,5;212,0;
Mölndal;1481;Västra Götalands län;14;Samtliga;709;78,0;84,5;228,8;
Mölndal;1481;Västra Götalands län;14;Kommunal;665;78,0;84,7;229,5;
Mölndal;1481;Västra Götalands län;14;Enskild;44;77,3;81,8;218,8;
Mönsterås;0861;Kalmar län;08;Samtliga;115;66,1;83,5;200,3;
Mönsterås;0861;Kalmar län;08;Kommunal;115;66,1;83,5;200,3;
Mörbylånga;0840;Kalmar län;08;Samtliga;152;83,6;93,4;219,1;
Mörbylånga;0840;Kalmar län;08;Kommunal;101;83,2;93,1;215,3;
Mörbylånga;0840;Kalmar län;08;Enskild;51;84,3;~100;226,7;
Nacka;0182;Stockholms län;01;Samtliga;1 181;91,2;96,2;260,3;
Nacka;0182;Stockholms län;01;Kommunal;799;90,1;95,9;253,1;
Nacka;0182;Stockholms län;01;Enskild;382;93,5;96,9;275,3;
Nora;1884;Örebro län;18;Samtliga;87;78,2;85,1;221,9;
Nora;1884;Örebro län;18;Kommunal;87;78,2;85,1;221,9;
Norberg;1962;Västmanlands län;19;Samtliga;56;67,9;80,4;189,0;
Norberg;1962;Västmanlands län;19;Kommunal;56;67,9;80,4;189,0;
Nordanstig;2132;Gävleborgs län;21;Samtliga;66;74,2;81,8;211,2;
Nordanstig;2132;Gävleborgs län;21;Kommunal;66;74,2;81,8;211,2;
Nordmaling;2401;Västerbottens län;24;Samtliga;71;83,1;~100;225,5;
Nordmaling;2401;Västerbottens län;24;Kommunal;71;83,1;~100;225,5;
Norrköping;0581;Östergötlands län;05;Samtliga;1 381;72,2;81,8;215,4;
Norrköping;0581;Östergötlands län;05;Kommunal;981;67,5;78,5;207,4;
Norrköping;0581;Östergötlands län;05;Enskild;400;83,8;90,0;234,9;
Norrtälje;0188;Stockholms län;01;Samtliga;540;77,4;86,5;223,0;
Norrtälje;0188;Stockholms län;01;Kommunal;435;73,1;83,4;216,6;
Norrtälje;0188;Stockholms län;01;Enskild;105;95,2;~100;248,9;
Norsjö;2417;Västerbottens län;24;Samtliga;47;63,8;72,3;206,3;
Norsjö;2417;Västerbottens län;24;Kommunal;47;63,8;72,3;206,3;
Nybro;0881;Kalmar län;08;Samtliga;178;78,7;84,3;217,1;
Nybro;0881;Kalmar län;08;Kommunal;178;78,7;84,3;217,1;
Nykvarn;0140;Stockholms län;01;Samtliga;112;92,9;95,5;236,0;
Nykvarn;0140;Stockholms län;01;Kommunal;112;92,9;95,5;236,0;
Nyköping;0480;Södermanlands län;04;Samtliga;556;75,2;84,7;219,5;
Nyköping;0480;Södermanlands län;04;Kommunal;391;71,6;83,1;215,3;
Nyköping;0480;Södermanlands län;04;Enskild;165;83,6;88,5;229,8;
Nynäshamn;0192;Stockholms län;01;Samtliga;243;77,0;84,0;221,8;
Nynäshamn;0192;Stockholms län;01;Kommunal;243;77,0;84,0;221,8;
Nässjö;0682;Jönköpings län;06;Samtliga;291;68,0;79,4;204,8;
Nässjö;0682;Jönköpings län;06;Kommunal;291;68,0;79,4;204,8;
Ockelbo;2101;Gävleborgs län;21;Samtliga;50;84,0;84,0;224,7;
Ockelbo;2101;Gävleborgs län;21;Kommunal;50;84,0;84,0;224,7;
Olofström;1060;Blekinge län;10;Samtliga;117;78,6;84,6;211,7;
Olofström;1060;Blekinge län;10;Kommunal;117;78,6;84,6;211,7;
Orsa;2034;Dalarnas län;20;Samtliga;69;69,6;81,2;214,4;
Orsa;2034;Dalarnas län;20;Kommunal;69;69,6;81,2;214,4;
Orust;1421;Västra Götalands län;14;Samtliga;152;76,3;88,8;220,9;
Orust;1421;Västra Götalands län;14;Kommunal;144;75,7;88,9;219,1;
Orust;1421;Västra Götalands län;14;Enskild;..;..;..;..;
Osby;1273;Skåne län;12;Samtliga;139;72,7;84,9;215,4;
Osby;1273;Skåne län;12;Kommunal;139;72,7;84,9;215,4;
Oskarshamn;0882;Kalmar län;08;Samtliga;267;77,9;83,5;218,7;
Oskarshamn;0882;Kalmar län;08;Kommunal;267;77,9;83,5;218,7;
Ovanåker;2121;Gävleborgs län;21;Samtliga;112;69,6;75,0;203,9;
Ovanåker;2121;Gävleborgs län;21;Kommunal;112;69,6;75,0;203,9;
Oxelösund;0481;Södermanlands län;04;Samtliga;87;67,8;77,0;193,2;
Oxelösund;0481;Södermanlands län;04;Kommunal;87;67,8;77,0;193,2;
Pajala;2521;Norrbottens län;25;Samtliga;65;87,7;89,2;228,6;
Pajala;2521;Norrbottens län;25;Kommunal;65;87,7;89,2;228,6;
Partille;1402;Västra Götalands län;14;Samtliga;445;83,6;89,7;231,0;
Partille;1402;Västra Götalands län;14;Kommunal;424;82,8;89,2;229,1;
Partille;1402;Västra Götalands län;14;Enskild;21;100,0;100,0;270,0;
Perstorp;1275;Skåne län;12;Samtliga;66;68,2;90,9;215,3;
Perstorp;1275;Skåne län;12;Kommunal;66;68,2;90,9;215,3;
Piteå;2581;Norrbottens län;25;Samtliga;404;87,1;94,3;231,5;
Piteå;2581;Norrbottens län;25;Kommunal;404;87,1;94,3;231,5;
Ragunda;2303;Jämtlands län;23;Samtliga;52;75,0;78,8;206,5;
Ragunda;2303;Jämtlands län;23;Kommunal;52;75,0;78,8;206,5;
Robertsfors;2409;Västerbottens län;24;Samtliga;60;60,0;70,0;211,1;
Robertsfors;2409;Västerbottens län;24;Kommunal;60;60,0;70,0;211,1;
Ronneby;1081;Blekinge län;10;Samtliga;290;71,0;83,1;212,5;
Ronneby;1081;Blekinge län;10;Kommunal;225;66,7;80,4;208,2;
Ronneby;1081;Blekinge län;10;Enskild;65;86,2;92,3;226,5;
Rättvik;2031;Dalarnas län;20;Samtliga;116;79,3;88,8;211,1;
Rättvik;2031;Dalarnas län;20;Kommunal;116;79,3;88,8;211,1;
Sala;1981;Västmanlands län;19;Samtliga;222;80,2;91,4;225,6;
Sala;1981;Västmanlands län;19;Kommunal;222;80,2;91,4;225,6;
Salem;0128;Stockholms län;01;Samtliga;186;83,9;89,8;231,4;
Salem;0128;Stockholms län;01;Kommunal;161;86,3;90,1;232,7;
Salem;0128;Stockholms län;01;Enskild;25;68,0;~100;223,4;
Sandviken;2181;Gävleborgs län;21;Samtliga;381;66,1;78,5;202,5;
Sandviken;2181;Gävleborgs län;21;Kommunal;342;65,8;77,2;201,1;
Sandviken;2181;Gävleborgs län;21;Enskild;39;69,2;~100;214,0;
Sigtuna;0191;Stockholms län;01;Samtliga;523;73,2;82,2;221,0;
Sigtuna;0191;Stockholms län;01;Kommunal;393;70,7;77,9;213,2;
Sigtuna;0191;Stockholms län;01;Enskild;130;80,8;95,4;244,0;
Simrishamn;1291;Skåne län;12;Samtliga;176;75,6;88,1;225,6;
Simrishamn;1291;Skåne län;12;Kommunal;124;75,0;87,1;221,3;
Simrishamn;1291;Skåne län;12;Enskild;52;76,9;90,4;235,8;
Sjöbo;1265;Skåne län;12;Samtliga;145;62,8;72,4;205,8;
Sjöbo;1265;Skåne län;12;Kommunal;138;61,6;71,7;206,0;
Sjöbo;1265;Skåne län;12;Enskild;..;..;..;..;
Skara;1495;Västra Götalands län;14;Samtliga;207;76,3;82,6;214,4;
Skara;1495;Västra Götalands län;14;Kommunal;189;76,7;81,5;212,6;
Skara;1495;Västra Götalands län;14;Enskild;18;72,2;~100;233,2;
Skellefteå;2482;Västerbottens län;24;Samtliga;756;80,0;88,0;219,4;
Skellefteå;2482;Västerbottens län;24;Kommunal;736;80,0;87,9;219,6;
Skellefteå;2482;Västerbottens län;24;Enskild;20;80,0;~100;212,3;
Skinnskatteberg;1904;Västmanlands län;19;Samtliga;29;48,3;55,2;194,9;
Skinnskatteberg;1904;Västmanlands län;19;Kommunal;29;48,3;55,2;194,9;
Skurup;1264;Skåne län;12;Samtliga;159;75,5;89,3;225,4;
Skurup;1264;Skåne län;12;Kommunal;159;75,5;89,3;225,4;
Skövde;1496;Västra Götalands län;14;Samtliga;538;82,7;89,8;228,0;
Skövde;1496;Västra Götalands län;14;Kommunal;536;83,0;89,9;228,1;
Skövde;1496;Västra Götalands län;14;Enskild;..;.;..;..;
Smedjebacken;2061;Dalarnas län;20;Samtliga;90;73,3;78,9;208,5;
Smedjebacken;2061;Dalarnas län;20;Kommunal;90;73,3;78,9;208,5;
Sollefteå;2283;Västernorrlands län;22;Samtliga;214;70,6;79,4;195,7;
Sollefteå;2283;Västernorrlands län;22;Kommunal;214;70,6;79,4;195,7;
Sollentuna;0163;Stockholms län;01;Samtliga;876;86,3;92,4;247,6;
Sollentuna;0163;Stockholms län;01;Kommunal;691;86,5;92,8;247,2;
Sollentuna;0163;Stockholms län;01;Enskild;185;85,4;90,8;248,9;
Solna;0184;Stockholms län;01;Samtliga;360;75,0;83,6;234,1;
Solna;0184;Stockholms län;01;Kommunal;248;76,2;86,7;238,4;
Solna;0184;Stockholms län;01;Enskild;112;72,3;76,8;224,5;
Sorsele;2422;Västerbottens län;24;Samtliga;34;70,6;70,6;210,2;
Sorsele;2422;Västerbottens län;24;Kommunal;34;70,6;70,6;210,2;
Sotenäs;1427;Västra Götalands län;14;Samtliga;99;80,8;90,9;213,6;
Sotenäs;1427;Västra Götalands län;14;Kommunal;99;80,8;90,9;213,6;
Staffanstorp;1230;Skåne län;12;Samtliga;294;82,3;88,4;234,3;
Staffanstorp;1230;Skåne län;12;Kommunal;282;83,7;89,7;234,6;
Staffanstorp;1230;Skåne län;12;Enskild;12;..;..;228,8;
Stenungsund;1415;Västra Götalands län;14;Samtliga;273;82,4;90,1;222,3;
Stenungsund;1415;Västra Götalands län;14;Kommunal;260;81,9;90,0;220,9;
Stenungsund;1415;Västra Götalands län;14;Enskild;13;92,3;~100;250,8;
Stockholm;0180;Stockholms län;01;Samtliga;7 988;79,4;87,3;244,8;
Stockholm;0180;Stockholms län;01;Kommunal;5 377;77,9;85,3;239,8;
Stockholm;0180;Stockholms län;01;Enskild;2 611;82,7;91,6;255,3;
Storfors;1760;Värmlands län;17;Samtliga;50;86,0;88,0;222,6;
Storfors;1760;Värmlands län;17;Kommunal;37;86,5;~100;213,7;
Storfors;1760;Värmlands län;17;Enskild;13;84,6;~100;247,9;
Storuman;2421;Västerbottens län;24;Samtliga;56;75,0;82,1;211,9;
Storuman;2421;Västerbottens län;24;Kommunal;56;75,0;82,1;211,9;
Strängnäs;0486;Södermanlands län;04;Samtliga;377;78,5;90,5;230,0;
Strängnäs;0486;Södermanlands län;04;Kommunal;207;71,0;84,5;213,9;
Strängnäs;0486;Södermanlands län;04;Enskild;170;87,6;~100;249,2;
Strömstad;1486;Västra Götalands län;14;Samtliga;115;67,0;74,8;215,6;
Strömstad;1486;Västra Götalands län;14;Kommunal;115;67,0;74,8;215,6;
Strömsund;2313;Jämtlands län;23;Samtliga;122;67,2;78,7;203,7;
Strömsund;2313;Jämtlands län;23;Kommunal;122;67,2;78,7;203,7;
Sundbyberg;0183;Stockholms län;01;Samtliga;228;72,4;84,2;227,2;
Sundbyberg;0183;Stockholms län;01;Kommunal;136;64,7;77,2;212,1;
Sundbyberg;0183;Stockholms län;01;Enskild;92;83,7;94,6;249,6;
Sundsvall;2281;Västernorrlands län;22;Samtliga;970;71,8;81,4;213,1;
Sundsvall;2281;Västernorrlands län;22;Kommunal;655;65,3;75,0;200,4;
Sundsvall;2281;Västernorrlands län;22;Enskild;315;85,1;94,9;238,9;
Sunne;1766;Värmlands län;17;Samtliga;139;66,2;81,3;210,6;
Sunne;1766;Värmlands län;17;Kommunal;139;66,2;81,3;210,6;
Surahammar;1907;Västmanlands län;19;Samtliga;72;75,0;87,5;222,0;
Surahammar;1907;Västmanlands län;19;Kommunal;72;75,0;87,5;222,0;
Svalöv;1214;Skåne län;12;Samtliga;152;69,7;82,9;213,5;
Svalöv;1214;Skåne län;12;Kommunal;128;72,7;82,8;215,8;
Svalöv;1214;Skåne län;12;Enskild;24;54,2;~100;201,8;
Svedala;1263;Skåne län;12;Samtliga;233;79,0;87,6;217,9;
Svedala;1263;Skåne län;12;Kommunal;233;79,0;87,6;217,9;
Svenljunga;1465;Västra Götalands län;14;Samtliga;118;61,0;75,4;204,0;
Svenljunga;1465;Västra Götalands län;14;Kommunal;118;61,0;75,4;204,0;
Säffle;1785;Värmlands län;17;Samtliga;173;66,5;76,3;199,3;
Säffle;1785;Värmlands län;17;Kommunal;173;66,5;76,3;199,3;
Säter;2082;Dalarnas län;20;Samtliga;90;77,8;84,4;216,2;
Säter;2082;Dalarnas län;20;Kommunal;90;77,8;84,4;216,2;
Sävsjö;0684;Jönköpings län;06;Samtliga;129;68,2;83,7;210,8;
Sävsjö;0684;Jönköpings län;06;Kommunal;118;66,9;83,1;210,0;
Sävsjö;0684;Jönköpings län;06;Enskild;11;..;~100;219,1;
Söderhamn;2182;Gävleborgs län;21;Samtliga;223;74,9;81,2;210,2;
Söderhamn;2182;Gävleborgs län;21;Kommunal;214;74,3;80,4;210,0;
Söderhamn;2182;Gävleborgs län;21;Enskild;..;..;..;..;
Söderköping;0582;Östergötlands län;05;Samtliga;161;80,1;85,7;230,8;
Söderköping;0582;Östergötlands län;05;Kommunal;147;81,6;87,1;232,4;
Söderköping;0582;Östergötlands län;05;Enskild;14;..;~100;213,8;
Södertälje;0181;Stockholms län;01;Samtliga;1 047;71,8;81,5;220,2;
Södertälje;0181;Stockholms län;01;Kommunal;831;68,8;78,7;215,1;
Södertälje;0181;Stockholms län;01;Enskild;216;83,3;92,1;239,5;
Sölvesborg;1083;Blekinge län;10;Samtliga;155;76,1;89,0;213,9;
Sölvesborg;1083;Blekinge län;10;Kommunal;155;76,1;89,0;213,9;
Tanum;1435;Västra Götalands län;14;Samtliga;127;78,7;88,2;211,6;
Tanum;1435;Västra Götalands län;14;Kommunal;127;78,7;88,2;211,6;
Tibro;1472;Västra Götalands län;14;Samtliga;116;64,7;75,0;200,3;
Tibro;1472;Västra Götalands län;14;Kommunal;116;64,7;75,0;200,3;
Tidaholm;1498;Västra Götalands län;14;Samtliga;154;78,6;84,4;210,0;
Tidaholm;1498;Västra Götalands län;14;Kommunal;154;78,6;84,4;210,0;
Tierp;0360;Uppsala län;03;Samtliga;202;57,4;75,7;203,4;
Tierp;0360;Uppsala län;03;Kommunal;202;57,4;75,7;203,4;
Timrå;2262;Västernorrlands län;22;Samtliga;181;68,0;80,1;198,6;
Timrå;2262;Västernorrlands län;22;Kommunal;181;68,0;80,1;198,6;
Tingsryd;0763;Kronobergs län;07;Samtliga;131;71,0;78,6;216,3;
Tingsryd;0763;Kronobergs län;07;Kommunal;109;65,1;74,3;207,9;
Tingsryd;0763;Kronobergs län;07;Enskild;22;100,0;100,0;255,9;
Tjörn;1419;Västra Götalands län;14;Samtliga;154;85,7;92,2;226,9;
Tjörn;1419;Västra Götalands län;14;Kommunal;154;85,7;92,2;226,9;
Tomelilla;1270;Skåne län;12;Samtliga;104;63,5;76,0;188,2;
Tomelilla;1270;Skåne län;12;Kommunal;104;63,5;76,0;188,2;
Torsby;1737;Värmlands län;17;Samtliga;128;64,1;78,1;199,2;
Torsby;1737;Värmlands län;17;Kommunal;128;64,1;78,1;199,2;
Torsås;0834;Kalmar län;08;Samtliga;61;73,8;80,3;208,8;
Torsås;0834;Kalmar län;08;Kommunal;61;73,8;80,3;208,8;
Tranemo;1452;Västra Götalands län;14;Samtliga;153;68,0;83,0;208,5;
Tranemo;1452;Västra Götalands län;14;Kommunal;153;68,0;83,0;208,5;
Tranås;0687;Jönköpings län;06;Samtliga;179;80,4;87,7;221,1;
Tranås;0687;Jönköpings län;06;Kommunal;179;80,4;87,7;221,1;
Trelleborg;1287;Skåne län;12;Samtliga;396;83,6;92,7;235,4;
Trelleborg;1287;Skåne län;12;Kommunal;337;82,5;91,7;231,4;
Trelleborg;1287;Skåne län;12;Enskild;59;89,8;~100;258,2;
Trollhättan;1488;Västra Götalands län;14;Samtliga;662;68,7;79,8;216,4;
Trollhättan;1488;Västra Götalands län;14;Kommunal;554;64,6;76,7;212,0;
Trollhättan;1488;Västra Götalands län;14;Enskild;108;89,8;95,4;238,8;
Trosa;0488;Södermanlands län;04;Samtliga;146;85,6;89,7;237,2;
Trosa;0488;Södermanlands län;04;Kommunal;146;85,6;89,7;237,2;
Tyresö;0138;Stockholms län;01;Samtliga;466;84,8;92,7;232,1;
Tyresö;0138;Stockholms län;01;Kommunal;466;84,8;92,7;232,1;
Täby;0160;Stockholms län;01;Samtliga;1 005;93,6;96,2;255,0;
Täby;0160;Stockholms län;01;Kommunal;365;91,5;95,6;239,9;
Täby;0160;Stockholms län;01;Enskild;640;94,8;96,6;263,6;
Töreboda;1473;Västra Götalands län;14;Samtliga;96;74,0;86,5;218,0;
Töreboda;1473;Västra Götalands län;14;Kommunal;96;74,0;86,5;218,0;
Uddevalla;1485;Västra Götalands län;14;Samtliga;544;75,0;87,9;218,3;
Uddevalla;1485;Västra Götalands län;14;Kommunal;394;72,3;86,3;212,3;
Uddevalla;1485;Västra Götalands län;14;Enskild;150;82,0;92,0;234,0;
Ulricehamn;1491;Västra Götalands län;14;Samtliga;255;69,4;80,0;217,3;
Ulricehamn;1491;Västra Götalands län;14;Kommunal;255;69,4;80,0;217,3;
Umeå;2480;Västerbottens län;24;Samtliga;1 103;83,0;90,0;232,5;
Umeå;2480;Västerbottens län;24;Kommunal;901;80,7;88,5;229,0;
Umeå;2480;Västerbottens län;24;Enskild;202;93,1;97,0;247,9;
Upplands Väsby;0114;Stockholms län;01;Samtliga;406;69,7;78,6;218,7;
Upplands Väsby;0114;Stockholms län;01;Kommunal;238;58,0;68,5;209,0;
Upplands Väsby;0114;Stockholms län;01;Enskild;168;86,3;92,9;231,7;
Upplands-Bro;0139;Stockholms län;01;Samtliga;229;79,9;89,1;232,4;
Upplands-Bro;0139;Stockholms län;01;Kommunal;215;79,1;88,8;232,1;
Upplands-Bro;0139;Stockholms län;01;Enskild;14;92,9;~100;237,1;
Uppsala;0380;Uppsala län;03;Samtliga;1 940;80,5;88,5;236,2;
Uppsala;0380;Uppsala län;03;Kommunal;1 333;78,6;87,0;230,5;
Uppsala;0380;Uppsala län;03;Enskild;607;84,7;91,8;248,7;
Uppvidinge;0760;Kronobergs län;07;Samtliga;113;69,0;77,0;205,9;
Uppvidinge;0760;Kronobergs län;07;Kommunal;113;69,0;77,0;205,9;
Vadstena;0584;Östergötlands län;05;Samtliga;70;88,6;~100;243,6;
Vadstena;0584;Östergötlands län;05;Kommunal;70;88,6;~100;243,6;
Vaggeryd;0665;Jönköpings län;06;Samtliga;157;86,6;89,2;229,9;
Vaggeryd;0665;Jönköpings län;06;Kommunal;157;86,6;89,2;229,9;
Valdemarsvik;0563;Östergötlands län;05;Samtliga;73;71,2;82,2;201,7;
Valdemarsvik;0563;Östergötlands län;05;Kommunal;73;71,2;82,2;201,7;
Vallentuna;0115;Stockholms län;01;Samtliga;310;79,7;89,4;229,1;
Vallentuna;0115;Stockholms län;01;Kommunal;214;78,0;88,3;228,1;
Vallentuna;0115;Stockholms län;01;Enskild;96;83,3;91,7;231,3;
Vansbro;2021;Dalarnas län;20;Samtliga;72;69,4;76,4;211,3;
Vansbro;2021;Dalarnas län;20;Kommunal;72;69,4;76,4;211,3;
Vara;1470;Västra Götalands län;14;Samtliga;165;79,4;86,1;213,8;
Vara;1470;Västra Götalands län;14;Kommunal;165;79,4;86,1;213,8;
Varberg;1383;Hallands län;13;Samtliga;594;87,4;90,6;227,8;
Varberg;1383;Hallands län;13;Kommunal;568;86,8;90,1;226,4;
Varberg;1383;Hallands län;13;Enskild;26;100,0;100,0;257,9;
Vaxholm;0187;Stockholms län;01;Samtliga;84;91,7;~100;243,6;
Vaxholm;0187;Stockholms län;01;Kommunal;84;91,7;~100;243,6;
Vellinge;1233;Skåne län;12;Samtliga;423;93,4;97,6;257,3;
Vellinge;1233;Skåne län;12;Kommunal;269;92,6;97,4;253,8;
Vellinge;1233;Skåne län;12;Enskild;154;94,8;~100;263,4;
Vetlanda;0685;Jönköpings län;06;Samtliga;292;68,8;77,4;202,6;
Vetlanda;0685;Jönköpings län;06;Kommunal;281;68,3;76,9;202,7;
Vetlanda;0685;Jönköpings län;06;Enskild;11;..;~100;201,3;
Vilhelmina;2462;Västerbottens län;24;Samtliga;67;70,1;77,6;214,3;
Vilhelmina;2462;Västerbottens län;24;Kommunal;59;72,9;78,0;218,6;
Vilhelmina;2462;Västerbottens län;24;Enskild;..;..;..;..;
Vimmerby;0884;Kalmar län;08;Samtliga;164;68,9;86,6;213,7;
Vimmerby;0884;Kalmar län;08;Kommunal;164;68,9;86,6;213,7;
Vindeln;2404;Västerbottens län;24;Samtliga;56;87,5;~100;234,1;
Vindeln;2404;Västerbottens län;24;Kommunal;56;87,5;~100;234,1;
Vingåker;0428;Södermanlands län;04;Samtliga;93;54,8;59,1;161,7;
Vingåker;0428;Södermanlands län;04;Kommunal;93;54,8;59,1;161,7;
Vårgårda;1442;Västra Götalands län;14;Samtliga;122;70,5;77,9;210,0;
Vårgårda;1442;Västra Götalands län;14;Kommunal;122;70,5;77,9;210,0;
Vänersborg;1487;Västra Götalands län;14;Samtliga;410;75,9;83,9;222,1;
Vänersborg;1487;Västra Götalands län;14;Kommunal;338;72,2;80,5;215,8;
Vänersborg;1487;Västra Götalands län;14;Enskild;72;93,1;100,0;250,2;
Vännäs;2460;Västerbottens län;24;Samtliga;91;74,7;82,4;210,9;
Vännäs;2460;Västerbottens län;24;Kommunal;91;74,7;82,4;210,9;
Värmdö;0120;Stockholms län;01;Samtliga;406;81,5;87,9;226,1;
Värmdö;0120;Stockholms län;01;Kommunal;356;80,3;86,8;221,3;
Värmdö;0120;Stockholms län;01;Enskild;50;90,0;~100;260,4;
Värnamo;0683;Jönköpings län;06;Samtliga;348;81,0;86,8;227,1;
Värnamo;0683;Jönköpings län;06;Kommunal;348;81,0;86,8;227,1;
Västervik;0883;Kalmar län;08;Samtliga;361;79,8;84,5;231,8;
Västervik;0883;Kalmar län;08;Kommunal;313;80,2;83,4;231,7;
Västervik;0883;Kalmar län;08;Enskild;48;77,1;~100;232,2;
Västerås;1980;Västmanlands län;19;Samtliga;1 451;75,7;84,1;221,5;
Västerås;1980;Västmanlands län;19;Kommunal;1 005;70,9;79,4;211,3;
Västerås;1980;Västmanlands län;19;Enskild;446;86,3;94,6;244,2;
Växjö;0780;Kronobergs län;07;Samtliga;921;75,6;83,8;219,2;
Växjö;0780;Kronobergs län;07;Kommunal;728;74,6;83,0;216,6;
Växjö;0780;Kronobergs län;07;Enskild;193;79,3;87,0;228,9;
Ydre;0512;Östergötlands län;05;Samtliga;37;81,1;83,8;237,4;
Ydre;0512;Östergötlands län;05;Kommunal;37;81,1;83,8;237,4;
Ystad;1286;Skåne län;12;Samtliga;325;87,4;93,8;237,9;
Ystad;1286;Skåne län;12;Kommunal;244;88,1;93,4;235,7;
Ystad;1286;Skåne län;12;Enskild;81;85,2;~100;244,4;
Åmål;1492;Västra Götalands län;14;Samtliga;130;83,1;90,8;226,0;
Åmål;1492;Västra Götalands län;14;Kommunal;130;83,1;90,8;226,0;
Ånge;2260;Västernorrlands län;22;Samtliga;102;67,6;73,5;200,8;
Ånge;2260;Västernorrlands län;22;Kommunal;95;66,3;72,6;199,2;
Ånge;2260;Västernorrlands län;22;Enskild;..;..;..;..;
Åre;2321;Jämtlands län;23;Samtliga;119;76,5;84,0;214,0;
Åre;2321;Jämtlands län;23;Kommunal;119;76,5;84,0;214,0;
Årjäng;1765;Värmlands län;17;Samtliga;112;81,3;86,6;229,8;
Årjäng;1765;Värmlands län;17;Kommunal;112;81,3;86,6;229,8;
Åsele;2463;Västerbottens län;24;Samtliga;34;70,6;76,5;207,1;
Åsele;2463;Västerbottens län;24;Kommunal;34;70,6;76,5;207,1;
Åstorp;1277;Skåne län;12;Samtliga;187;75,4;80,7;212,2;
Åstorp;1277;Skåne län;12;Kommunal;146;76,0;82,9;210,7;
Åstorp;1277;Skåne län;12;Enskild;41;73,2;73,2;217,5;
Åtvidaberg;0561;Östergötlands län;05;Samtliga;125;68,0;77,6;203,6;
Åtvidaberg;0561;Östergötlands län;05;Kommunal;125;68,0;77,6;203,6;
Älmhult;0765;Kronobergs län;07;Samtliga;160;70,9;84,2;218,3;
Älmhult;0765;Kronobergs län;07;Kommunal;131;69,8;84,5;216,4;
Älmhult;0765;Kronobergs län;07;Enskild;29;75,9;82,8;226,8;
Älvdalen;2039;Dalarnas län;20;Samtliga;70;84,3;87,1;216,2;
Älvdalen;2039;Dalarnas län;20;Kommunal;70;84,3;87,1;216,2;
Älvkarleby;0319;Uppsala län;03;Samtliga;84;73,8;75,0;190,4;
Älvkarleby;0319;Uppsala län;03;Kommunal;42;61,9;64,3;196,1;
Älvkarleby;0319;Uppsala län;03;Enskild;42;85,7;85,7;185,2;
Älvsbyn;2560;Norrbottens län;25;Samtliga;116;81,0;85,3;213,6;
Älvsbyn;2560;Norrbottens län;25;Kommunal;116;81,0;85,3;213,6;
Ängelholm;1292;Skåne län;12;Samtliga;414;80,4;86,7;223,5;
Ängelholm;1292;Skåne län;12;Kommunal;414;80,4;86,7;223,5;
Öckerö;1407;Västra Götalands län;14;Samtliga;146;84,9;93,8;239,9;
Öckerö;1407;Västra Götalands län;14;Kommunal;126;83,3;93,7;239,2;
Öckerö;1407;Västra Götalands län;14;Enskild;20;95,0;~100;244,9;
Ödeshög;0509;Östergötlands län;05;Samtliga;50;84,0;~100;231,1;
Ödeshög;0509;Östergötlands län;05;Kommunal;50;84,0;~100;231,1;
Örebro;1880;Örebro län;18;Samtliga;1 557;73,3;83,0;219,2;
Örebro;1880;Örebro län;18;Kommunal;1 123;68,6;78,8;208,6;
Örebro;1880;Örebro län;18;Enskild;434;85,7;93,8;246,6;
Örkelljunga;1257;Skåne län;12;Samtliga;89;69,7;84,3;211,8;
Örkelljunga;1257;Skåne län;12;Kommunal;74;70,3;81,1;210,0;
Örkelljunga;1257;Skåne län;12;Enskild;15;66,7;100,0;219,8;
Örnsköldsvik;2284;Västernorrlands län;22;Samtliga;604;81,5;88,6;225,1;
Örnsköldsvik;2284;Västernorrlands län;22;Kommunal;586;82,4;89,2;226,4;
Örnsköldsvik;2284;Västernorrlands län;22;Enskild;18;..;66,7;181,3;
Östersund;2380;Jämtlands län;23;Samtliga;557;83,5;90,1;233,6;
Östersund;2380;Jämtlands län;23;Kommunal;449;82,0;89,5;232,1;
Östersund;2380;Jämtlands län;23;Enskild;108;89,8;92,6;239,8;
Österåker;0117;Stockholms län;01;Samtliga;340;83,8;90,9;227,4;
Österåker;0117;Stockholms län;01;Kommunal;246;82,9;90,2;226,3;
Österåker;0117;Stockholms län;01;Enskild;94;86,2;92,6;230,3;
Östhammar;0382;Uppsala län;03;Samtliga;208;67,3;80,3;206,4;
Östhammar;0382;Uppsala län;03;Kommunal;208;67,3;80,3;206,4;
Östra Göinge;1256;Skåne län;12;Samtliga;151;70,9;74,8;200,9;
Östra Göinge;1256;Skåne län;12;Kommunal;133;71,4;75,2;203,1;
Östra Göinge;1256;Skåne län;12;Enskild;18;66,7;72,2;185,4;
Överkalix;2513;Norrbottens län;25;Samtliga;31;93,5;~100;225,1;
Överkalix;2513;Norrbottens län;25;Kommunal;27;92,6;~100;228,4;
Överkalix;2513;Norrbottens län;25;Enskild;..;..;..;..;
Övertorneå;2518;Norrbottens län;25;Samtliga;54;70,4;83,3;222,1;
Övertorneå;2518;Norrbottens län;25;Kommunal;43;69,8;79,1;219,3;
Övertorneå;2518;Norrbottens län;25;Enskild;11;..;100,0;233,0;

Rapportbeskrivning och definitioner etc.  

Samtliga uppgifter utom totalen för antal elever, avser elever med betyg enligt det mål- och kunskapsrelaterade betygssystemet. Uppgifterna avser betyg före prövning.
Om resultatet är färre än 10 elever, dubbelprickas den och två prickar (..) visas istället för utfall. Om uppgift saknas visas en prick (.) istället för utfall.

I sammanställningen av samtliga elever ingår elever som har okänd bakgrund. De saknar uppgift om personnummer, tex om de ännu inte blivit folkbokförda i Sverige.
 

Antal elever;Antal elever som har avslutat årskurs 9, dvs elever med slutbetyg såväl från det mål och kunskapsrelaterade betygssystemet som andra bedömningssystem.;
;Elever som saknar betyg i alla ämnen, dvs elever som saknar slutbetyg ingår.;
Andel (%) som uppnått kunskapskraven i alla ämnen;Andel elever med godkänt betyg i alla ämnen som ingått i elevens utbildning. Andelen beräknas av de elever som fått eller skulle ha fått betyg enligt det ;
;mål- och kunskapsrelaterade betygssystemet (elever som saknar godkänt betyg i alla ämnen ingår).;
Andel (%) behörig yrkesprog.;Andel elever som är behöriga att söka till yrkesprogram. För att en elev ska vara behörig krävs godkänt betyg i ämnena svenska/svenska som andraspråk, ;
;engelska och matematik samt i 5 ytterligare ämnen, totalt 8 ämnen. Andelen beräknas av de elever som fått eller skulle ha fått betyg enligt det ;
;mål och kunskapsrelaterade betygssystemet (elever som saknar godkänt betyg i alla ämnen ingår). ;
;Observera att om antalet EJ behöriga är 1-4, så visas andelen behöriga som ~100.;
Genomsnittligt meritvärde (17);Meritvärdet utgörs av summan av betygsvärdena för de 17 bästa betygen i elevens slutbetyg (E=10, D=12.5, C=15, B=17.5 och A=20). Det möjliga maxvärdet för varje ;
;enskild elev är 340 poäng. Det genomsnittliga meritvärdet beräknas för de elever som fått lägst betyg E i minst ett ämne. Elevernas sammanlagda poäng divideras ;
;med antal elever som fått lägst betyg E i minst ett ämne. Elever som saknar godkänt betyg i alla ämnen, dvs elever som saknar slutbetyg, ingår ej.;



